{
  "project_info": {
    "project_number": "427586297608",
    "project_id": "yu-gi-oh-9f144",
    "storage_bucket": "yu-gi-oh-9f144.appspot.com"
  },
  "client": [
    {
      "client_info": {
        "mobilesdk_app_id": "1:427586297608:android:76a62e62484d0a9c3fd6bd",
        "android_client_info": {
          "package_name": "com.example.yu_gi_oh"
        }
      },
      "oauth_client": [
        {
          "client_id": "427586297608-p69rrqb53r7rq423d958pu4k3d9m4pc9.apps.googleusercontent.com",
          "client_type": 1,
          "android_info": {
            "package_name": "com.example.yu_gi_oh",
            "certificate_hash": "edcfd75d0426aadc8f07998469394c04f833ed00"
          }
        },
        {
          "client_id": "427586297608-8eekdpm1ucjvsuppcpcdnafm9tcj2a9r.apps.googleusercontent.com",
          "client_type": 3
        }
      ],
      "api_key": [
        {
          "current_key": "AIzaSyBhkR5UT4ba7CbqIAUpl7PWjZBDx_7IjBg"
        }
      ],
      "services": {
        "appinvite_service": {
          "other_platform_oauth_client": [
            {
              "client_id": "427586297608-8eekdpm1ucjvsuppcpcdnafm9tcj2a9r.apps.googleusercontent.com",
              "client_type": 3
            }
          ]
        }
      }
    }
  ],
  "configuration_version": "1"
}